DROP TABLE "TBL_USER_PHOTO";
DROP TABLE "TBL_ENT_PHOTO";
DROP TABLE "ENT_LICENSE";
DROP TABLE "TBL_USER_LOGIN";
DROP TABLE "TBL_ENT_LOGIN";
DROP TABLE "TBL_ENT_GENRE_CATEGORY" CASCADE CONSTRAINTS;
DROP TABLE "TBL_USER_GENRE_CATEGORY" CASCADE CONSTRAINTS;
DROP TABLE "TBL_ENT_ADD_FILE" CASCADE CONSTRAINTS;
DROP TABLE "TBL_USER_ADD_FILE" CASCADE CONSTRAINTS;
DROP TABLE "TBL_USER_CLASS" CASCADE CONSTRAINTS;
DROP TABLE "TBL_ENT_GRADE_HISTORY" CASCADE CONSTRAINTS;
DROP TABLE "TBL_QUESTION" CASCADE CONSTRAINTS;
DROP TABLE "TBL_ANSWER" CASCADE CONSTRAINTS;
DROP TABLE "TBL_ENT_PAYMENT_HISTORY" CASCADE CONSTRAINTS;
DROP TABLE "TBL_APPROVAL" CASCADE CONSTRAINTS;
DROP TABLE "TBL_RATE_PLAN" CASCADE CONSTRAINTS;
DROP TABLE "TBL_USER_SCORE_HISTORY" CASCADE CONSTRAINTS;
DROP TABLE "TBL_QNA_CATEGORY" CASCADE CONSTRAINTS;
DROP TABLE "TBL_USER_PAYMENT_HISTORY" CASCADE CONSTRAINTS;
DROP TABLE "TBL_NOTICE" CASCADE CONSTRAINTS;
DROP TABLE "TBL_GENRE_CATEGORY" CASCADE CONSTRAINTS;
DROP TABLE "TBL_JOB_CATEGORY" CASCADE CONSTRAINTS;
DROP TABLE "TBL_PROJECT" CASCADE CONSTRAINTS;
DROP TABLE "TBL_OFFER" CASCADE CONSTRAINTS;
DROP TABLE "TBL_APPLICATION_HISTORY" CASCADE CONSTRAINTS;
DROP TABLE "TBL_POSTING" CASCADE CONSTRAINTS;
DROP TABLE "TBL_ENT_PROFILE" CASCADE CONSTRAINTS;
DROP TABLE "TBL_USER_PROFILE" CASCADE CONSTRAINTS;
DROP TABLE "TBL_ADMIN" CASCADE CONSTRAINTS;
DROP TABLE "TBL_USER_INFO" CASCADE CONSTRAINTS;
DROP TABLE "TBL_ENT_INFO" CASCADE CONSTRAINTS;

CREATE TABLE "TBL_USER_INFO" (
   "USER_NO"   NUMBER      NOT NULL,
   "USER_NAME"   VARCHAR2(20)      NOT NULL,
   "USER_ID"   VARCHAR2(20)      NOT NULL,
   "USER_PASSWORD"   VARCHAR2(500)      NOT NULL,
   "USER_ADDRESS"   VARCHAR2(100)      NOT NULL,
   "USER_PHONE"   VARCHAR2(30)      NOT NULL,
   "USER_EMAIL"   VARCHAR2(30)      NOT NULL,
   "USER_BALANCE"   NUMBER   DEFAULT 0   NOT NULL,
   "USER_AVG_SCORE"   NUMBER   DEFAULT 0   NOT NULL,
   "USER_DROP_YN"   VARCHAR2(1)   DEFAULT 'N'   NOT NULL,
   "USER_SANCTION_YN"   VARCHAR2(1)   DEFAULT 'N'   NOT NULL,
   "USER_ACTIVE_YN"   VARCHAR2(1)   DEFAULT 'N'   NOT NULL,
   "USER_CLASS_NAME"   VARCHAR2(30)      NOT NULL,
   
   CONSTRAINT UK_USER_ID UNIQUE(USER_ID),
   CONSTRAINT CK_USER_DROP_YN CHECK(USER_DROP_YN IN ('Y', 'N')),
   CONSTRAINT CK_USER_SANCTION_YN CHECK(USER_SANCTION_YN IN ('Y', 'N')),
   CONSTRAINT CK_ACTIVE_YN CHECK(USER_ACTIVE_YN IN ('Y', 'N'))
);

COMMENT ON COLUMN "TBL_USER_INFO"."USER_NO" IS '회원 번호';

COMMENT ON COLUMN "TBL_USER_INFO"."USER_NAME" IS '회원명';

COMMENT ON COLUMN "TBL_USER_INFO"."USER_ID" IS '개인 아이디';

COMMENT ON COLUMN "TBL_USER_INFO"."USER_PASSWORD" IS '개인 비밀번호';

COMMENT ON COLUMN "TBL_USER_INFO"."USER_ADDRESS" IS '개인 주소';

COMMENT ON COLUMN "TBL_USER_INFO"."USER_PHONE" IS '연락처';

COMMENT ON COLUMN "TBL_USER_INFO"."USER_EMAIL" IS '이메일';

COMMENT ON COLUMN "TBL_USER_INFO"."USER_BALANCE" IS '충전 잔액';

COMMENT ON COLUMN "TBL_USER_INFO"."USER_AVG_SCORE" IS '평균 평점';

COMMENT ON COLUMN "TBL_USER_INFO"."USER_DROP_YN" IS '탈퇴여부';

COMMENT ON COLUMN "TBL_USER_INFO"."USER_SANCTION_YN" IS '제재여부';

COMMENT ON COLUMN "TBL_USER_INFO"."USER_ACTIVE_YN" IS '휴면여부';

COMMENT ON COLUMN "TBL_USER_INFO"."USER_CLASS_NAME" IS '등급명';

CREATE TABLE "TBL_ENT_INFO" (
	"ENT_NO"	NUMBER		NOT NULL,
	"ENT_NAME"	VARCHAR2(30)		NOT NULL,
	"ENT_ID"	VARCHAR2(12)		NOT NULL,
	"ENT_PWD"	VARCHAR2(500)		NOT NULL,
	"ENT_PHONE"	VARCHAR2(14)		NOT NULL,
	"ENT_EMAIL"	VARCHAR2(30)		NOT NULL,
	"ENT_DROP_YN"	VARCHAR2(1)	DEFAULT 'N'	NOT NULL,
	"ENT_SANCTION_YN"	VARCHAR2(1)	DEFAULT 'N'	NOT NULL,
	"ENT_ACTIVE_YN"	VARCHAR2(1)	DEFAULT 'N'	NOT NULL,
    
    CONSTRAINT CK_TBL_ENT_INFO_ENT_DROP_YN CHECK(ENT_DROP_YN IN ('Y', 'N')),
    CONSTRAINT CK_TBL_ENT_INFO_ENT_SANCTION_YN CHECK(ENT_SANCTION_YN IN ('Y', 'N')),
    CONSTRAINT CK_TBL_ENT_INFO_ENT_ACTIVE_YN CHECK(ENT_ACTIVE_YN IN ('Y', 'N'))
);

COMMENT ON COLUMN "TBL_ENT_INFO"."ENT_NO" IS '기업번호';

COMMENT ON COLUMN "TBL_ENT_INFO"."ENT_NAME" IS '기업명';

COMMENT ON COLUMN "TBL_ENT_INFO"."ENT_ID" IS '아이디';

COMMENT ON COLUMN "TBL_ENT_INFO"."ENT_PWD" IS '비밀번호';

COMMENT ON COLUMN "TBL_ENT_INFO"."ENT_PHONE" IS '대표번호';

COMMENT ON COLUMN "TBL_ENT_INFO"."ENT_EMAIL" IS '대표메일';

COMMENT ON COLUMN "TBL_ENT_INFO"."ENT_DROP_YN" IS '탈퇴여부';

COMMENT ON COLUMN "TBL_ENT_INFO"."ENT_SANCTION_YN" IS '제재여부';

COMMENT ON COLUMN "TBL_ENT_INFO"."ENT_ACTIVE_YN" IS '휴면여부';

CREATE TABLE "TBL_ADMIN" (
   "ADMIN_ID"   VARCHAR2(20)      NOT NULL,
   "ADMIN_NAME"   VARCHAR2(10)      NOT NULL,
   "ADMIN_PASSWORD"   VARCHAR2(500)      NOT NULL
);

COMMENT ON COLUMN "TBL_ADMIN"."ADMIN_ID" IS '관리자 아이디';

COMMENT ON COLUMN "TBL_ADMIN"."ADMIN_NAME" IS '관리자 이름';

COMMENT ON COLUMN "TBL_ADMIN"."ADMIN_PASSWORD" IS '관리자 비밀번호';

CREATE TABLE "TBL_USER_PROFILE" (
   "USER_PROFILE_NO"   NUMBER      NOT NULL,
   "USER_NAME"   VARCHAR2(20)      NOT NULL,
   "USER_PHOTO"   VARCHAR2(200)      NOT NULL,
   "USER_BIRTH"   DATE      NOT NULL,
   "USER_AREA"   VARCHAR2(30)      NOT NULL,
   "USER_MINI_TITLE"   VARCHAR2(100)      NOT NULL,
   "USER_MAIN_TEXT"   VARCHAR2(3000)      NULL,
   "USER_RESUME"   VARCHAR2(3000)      NOT NULL,
   "USER_OPEN_YN"   VARCHAR2(1)   DEFAULT 'Y'   NOT NULL,
   "USER_NO"   NUMBER      NOT NULL,
   "JOB_NO"   NUMBER      NOT NULL,
   
   CONSTRAINT CK_USER_OPEN_YN CHECK(USER_OPEN_YN IN ('Y', 'N'))
);

COMMENT ON COLUMN "TBL_USER_PROFILE"."USER_PROFILE_NO" IS '프로필번호';

COMMENT ON COLUMN "TBL_USER_PROFILE"."USER_NAME" IS '회원명';

COMMENT ON COLUMN "TBL_USER_PROFILE"."USER_PHOTO" IS '프로필 사진';

COMMENT ON COLUMN "TBL_USER_PROFILE"."USER_BIRTH" IS '생년월일';

COMMENT ON COLUMN "TBL_USER_PROFILE"."USER_AREA" IS '지역';

COMMENT ON COLUMN "TBL_USER_PROFILE"."USER_MINI_TITLE" IS '미니 프로필 제목';

COMMENT ON COLUMN "TBL_USER_PROFILE"."USER_MAIN_TEXT" IS '본문';

COMMENT ON COLUMN "TBL_USER_PROFILE"."USER_RESUME" IS '경력사항';

COMMENT ON COLUMN "TBL_USER_PROFILE"."USER_OPEN_YN" IS '프로필 공개 여부';

COMMENT ON COLUMN "TBL_USER_PROFILE"."USER_NO" IS '회원 번호';

COMMENT ON COLUMN "TBL_USER_PROFILE"."JOB_NO" IS '직군번호';

CREATE TABLE "TBL_ENT_PROFILE" (
	"ENT_PROF_NO"	NUMBER		NOT NULL,
	"ENT_PHOTO"	VARCHAR2(500)		NOT NULL,
	"ENT_INTRO"	VARCHAR2(500)		NULL,
	"ENT_RESUME"	VARCHAR2(2000)		NULL,
	"ENT_NO"	NUMBER		NOT NULL
);

COMMENT ON COLUMN "TBL_ENT_PROFILE"."ENT_PROF_NO" IS '프로필번호';

COMMENT ON COLUMN "TBL_ENT_PROFILE"."ENT_PHOTO" IS '대표사진';

COMMENT ON COLUMN "TBL_ENT_PROFILE"."ENT_INTRO" IS '소개';

COMMENT ON COLUMN "TBL_ENT_PROFILE"."ENT_RESUME" IS '이력';

COMMENT ON COLUMN "TBL_ENT_PROFILE"."ENT_NO" IS '기업번호';

CREATE TABLE "TBL_POSTING" (
   "POSTING_NO"   NUMBER      NOT NULL,
   "POSTING_TITLE"   VARCHAR2(60)      NOT NULL,
   "POSTING_DETAIL"   VARCHAR2(1000)      NOT NULL,
   "POSTING_OPEN_YN"   VARCHAR2(1)   DEFAULT 'Y'   NOT NULL,
   "VIEWS"   NUMBER   DEFAULT 0   NOT NULL,
   "POSTING_DATE"	DATE	NOT NULL,
   "PROJECT_NO"   NUMBER      NOT NULL,
   "ENT_NO"   NUMBER      NULL,
   "USER_NO"   NUMBER      NULL,
   "JOB_NO"   NUMBER      NOT NULL,
   "GENRE_NO"   NUMBER      NOT NULL
);

COMMENT ON COLUMN "TBL_POSTING"."POSTING_DATE" IS '등록일';

COMMENT ON COLUMN "TBL_POSTING"."POSTING_NO" IS '공고번호';

COMMENT ON COLUMN "TBL_POSTING"."POSTING_TITLE" IS '공고제목';

COMMENT ON COLUMN "TBL_POSTING"."POSTING_DETAIL" IS '상세내용';

COMMENT ON COLUMN "TBL_POSTING"."POSTING_OPEN_YN" IS '공고공개여부';

COMMENT ON COLUMN "TBL_POSTING"."VIEWS" IS '조회수';

COMMENT ON COLUMN "TBL_POSTING"."PROJECT_NO" IS '프로젝트 번호';

COMMENT ON COLUMN "TBL_POSTING"."ENT_NO" IS '기업회원번호';

COMMENT ON COLUMN "TBL_POSTING"."USER_NO" IS '개인 회원 번호';

COMMENT ON COLUMN "TBL_POSTING"."JOB_NO" IS '직군번호';

COMMENT ON COLUMN "TBL_POSTING"."GENRE_NO" IS '장르번호';

CREATE TABLE "TBL_APPLICATION_HISTORY" (
   "APPLICATION_NO"   NUMBER      NOT NULL,
   "APPLICATION_CONNECT_YN"   VARCHAR2(1)   DEFAULT 'N'   NOT NULL,
   "APPLICATION_DATE"   DATE   DEFAULT SYSDATE   NOT NULL,
   "APPLICATION_INTRO"   VARCHAR2(2000)      NOT NULL,
   "USER_NO"   NUMBER      NOT NULL,
   "POSTING_NO"   NUMBER      NOT NULL
);

COMMENT ON COLUMN "TBL_APPLICATION_HISTORY"."APPLICATION_NO" IS '지원 번호';

COMMENT ON COLUMN "TBL_APPLICATION_HISTORY"."APPLICATION_CONNECT_YN" IS '합격여부';

COMMENT ON COLUMN "TBL_APPLICATION_HISTORY"."APPLICATION_DATE" IS '지원 날짜';

COMMENT ON COLUMN "TBL_APPLICATION_HISTORY"."APPLICATION_INTRO" IS '소개';

COMMENT ON COLUMN "TBL_APPLICATION_HISTORY"."USER_NO" IS '회원 번호';

COMMENT ON COLUMN "TBL_APPLICATION_HISTORY"."POSTING_NO" IS '공고번호';

CREATE TABLE "TBL_OFFER" (
   "OFFER_NO"   NUMBER      NOT NULL,
   "OFFER_CONNECT_YN"   VARCHAR2(1)   DEFAULT 'N'   NOT NULL,
   "OFFER_DATE"   DATE   DEFAULT SYSDATE   NOT NULL,
   "USER_NO"   NUMBER      NOT NULL,
   "POSTING_NO"   NUMBER      NOT NULL,
   
  CONSTRAINT CK_OFFER_CONNECT_YN CHECK(OFFER_CONNECT_YN IN ('Y', 'N'))
);

COMMENT ON COLUMN "TBL_OFFER"."OFFER_NO" IS '제의 번호';

COMMENT ON COLUMN "TBL_OFFER"."OFFER_CONNECT_YN" IS '합격여부';

COMMENT ON COLUMN "TBL_OFFER"."OFFER_DATE" IS '제의 날짜';

COMMENT ON COLUMN "TBL_OFFER"."USER_NO" IS '회원 번호';

COMMENT ON COLUMN "TBL_OFFER"."POSTING_NO" IS '공고 번호';

CREATE TABLE "TBL_PROJECT" (
	"PROJECT_NO"	NUMBER		NOT NULL,
	"PROJECT_NAME"	VARCHAR2(30)		NOT NULL,
	"PROJECT_CONTENT"	VARCHAR2(1000)		NOT NULL,
	"PROJECT_START_DATE"	DATE		NOT NULL,
	"PROJECT_END_DATE"	DATE		NOT NULL,
	"PROJECT_ACTIVE_YN"	VARCHAR2(3)	DEFAULT 'Y'	NOT NULL,
	"MANAGER_NAME"	VARCHAR2(20)		NOT NULL,
	"MANAGER_PHONE"	VARCHAR2(13)		NOT NULL,
	"MANAGER_EMAIL"	VARCHAR2(30)		NOT NULL,
	"ENT_NO"	NUMBER		NOT NULL,
	"GENRE_NO"	NUMBER		NOT NULL,
    
    CONSTRAINT CK_TBL_PROJECT_PROJECT_ACTIVE_YN CHECK(PROJECT_ACTIVE_YN IN ('Y', 'N'))
);

COMMENT ON COLUMN "TBL_PROJECT"."PROJECT_NO" IS '프로젝트번호';

COMMENT ON COLUMN "TBL_PROJECT"."PROJECT_NAME" IS '프로젝트이름';

COMMENT ON COLUMN "TBL_PROJECT"."PROJECT_CONTENT" IS '프로젝트 내용';

COMMENT ON COLUMN "TBL_PROJECT"."PROJECT_START_DATE" IS '프로젝트 시작 날짜';

COMMENT ON COLUMN "TBL_PROJECT"."PROJECT_END_DATE" IS '프로젝트 종료 날짜';

COMMENT ON COLUMN "TBL_PROJECT"."PROJECT_ACTIVE_YN" IS '프로젝트 활성화 여부';

COMMENT ON COLUMN "TBL_PROJECT"."MANAGER_NAME" IS '담당자 이름';

COMMENT ON COLUMN "TBL_PROJECT"."MANAGER_PHONE" IS '담당자 번호';

COMMENT ON COLUMN "TBL_PROJECT"."MANAGER_EMAIL" IS '담당자 메일';

COMMENT ON COLUMN "TBL_PROJECT"."ENT_NO" IS '기업 회원 번호';

COMMENT ON COLUMN "TBL_PROJECT"."GENRE_NO" IS '장르번호';

CREATE TABLE "TBL_JOB_CATEGORY" (
   "JOB_NO"   NUMBER      NOT NULL,
   "JOB_NAME"   VARCHAR2(30)      NOT NULL
);

COMMENT ON COLUMN "TBL_JOB_CATEGORY"."JOB_NO" IS '직군번호';

COMMENT ON COLUMN "TBL_JOB_CATEGORY"."JOB_NAME" IS '직군명';

CREATE TABLE "TBL_GENRE_CATEGORY" (
   "GENRE_NO"   NUMBER      NOT NULL,
   "GENRE_NAME"   VARCHAR2(30)      NOT NULL
);

COMMENT ON COLUMN "TBL_GENRE_CATEGORY"."GENRE_NO" IS '장르번호';

COMMENT ON COLUMN "TBL_GENRE_CATEGORY"."GENRE_NAME" IS '장르명';

CREATE TABLE "TBL_NOTICE" (
   "NOTICE_NO"   NUMBER      NOT NULL,
   "NOTICE_TITLE"   VARCHAR2(60)      NOT NULL,
   "NOTICE_CONTENT"   VARCHAR2(600)      NOT NULL,
   "NOTICE_ACTIVE_YN"   VARCHAR2(1)   DEFAULT 'Y'   NOT NULL,
   "ADMIN_ID"   VARCHAR2(20)      NOT NULL
);

COMMENT ON COLUMN "TBL_NOTICE"."NOTICE_NO" IS '공지사항 번호';

COMMENT ON COLUMN "TBL_NOTICE"."NOTICE_TITLE" IS '글 제목';

COMMENT ON COLUMN "TBL_NOTICE"."NOTICE_CONTENT" IS '글 내용';

COMMENT ON COLUMN "TBL_NOTICE"."NOTICE_ACTIVE_YN" IS '공개여부';

COMMENT ON COLUMN "TBL_NOTICE"."ADMIN_ID" IS '관리자 아이디';

CREATE TABLE "TBL_USER_PAYMENT_HISTORY" (
   "USER_PAYMENT_NO"   NUMBER      NOT NULL,
   "USER_PAYMENT_AMOUT"   NUMBER      NOT NULL,
   "USER_PAYMENT_TIME"   DATE   DEFAULT SYSDATE   NOT NULL,
   "POSTING_NO"   NUMBER      NOT NULL
);

COMMENT ON COLUMN "TBL_USER_PAYMENT_HISTORY"."USER_PAYMENT_NO" IS '결제 번호';

COMMENT ON COLUMN "TBL_USER_PAYMENT_HISTORY"."USER_PAYMENT_AMOUT" IS '결제 금액';

COMMENT ON COLUMN "TBL_USER_PAYMENT_HISTORY"."USER_PAYMENT_TIME" IS '결제일';

COMMENT ON COLUMN "TBL_USER_PAYMENT_HISTORY"."POSTING_NO" IS '공고 번호';

CREATE TABLE "TBL_QNA_CATEGORY" (
   "CATEGORY_NO"   VARCHAR2(9)      NOT NULL,
   "CATEGORY_NAME"   VARCHAR2(45)      NOT NULL
);

COMMENT ON COLUMN "TBL_QNA_CATEGORY"."CATEGORY_NO" IS '구분 번호';

COMMENT ON COLUMN "TBL_QNA_CATEGORY"."CATEGORY_NAME" IS '구분명';

CREATE TABLE "TBL_USER_SCORE_HISTORY" (
   "SCORE_NO"   NUMBER      NOT NULL,
   "SCORE"   NUMBER      NULL,
   "ENT_NO"   NUMBER      NOT NULL,
   "USER_NO"   NUMBER      NOT NULL
);

COMMENT ON COLUMN "TBL_USER_SCORE_HISTORY"."SCORE_NO" IS '평점 번호';

COMMENT ON COLUMN "TBL_USER_SCORE_HISTORY"."SCORE" IS '평가 점수';

COMMENT ON COLUMN "TBL_USER_SCORE_HISTORY"."ENT_NO" IS '기업회원';

COMMENT ON COLUMN "TBL_USER_SCORE_HISTORY"."USER_NO" IS '회원 번호';

CREATE TABLE "TBL_RATE_PLAN" (
   "PLAN_NAME"   VARCHAR2(12)      NOT NULL,
   "PLAN_PRICE"   NUMBER      NOT NULL,
   "PLAN_POSTING"   NUMBER      NOT NULL,
   "PLAN_OFFER"   NUMBER      NOT NULL,
   "PLAN_PROJECT"   NUMBER      NOT NULL
);

COMMENT ON COLUMN "TBL_RATE_PLAN"."PLAN_NAME" IS '요금명';

COMMENT ON COLUMN "TBL_RATE_PLAN"."PLAN_PRICE" IS '가격';

COMMENT ON COLUMN "TBL_RATE_PLAN"."PLAN_POSTING" IS '공고제한';

COMMENT ON COLUMN "TBL_RATE_PLAN"."PLAN_OFFER" IS '영입제한';

COMMENT ON COLUMN "TBL_RATE_PLAN"."PLAN_PROJECT" IS '프로젝트제한';

CREATE TABLE "TBL_ENT_PAYMENT_HISTORY" (
   "ENT_PAYMENT_NO"   NUMBER      NOT NULL,
   "ENT_PAYMENT_TIME"   DATE   DEFAULT SYSDATE   NOT NULL,
   "PLAN_NAME"   VARCHAR2(12)      NOT NULL,
   "ENT_NO"   NUMBER      NOT NULL
);

COMMENT ON COLUMN "TBL_ENT_PAYMENT_HISTORY"."ENT_PAYMENT_NO" IS '결제내역코드';

COMMENT ON COLUMN "TBL_ENT_PAYMENT_HISTORY"."ENT_PAYMENT_TIME" IS '결제시점';

COMMENT ON COLUMN "TBL_ENT_PAYMENT_HISTORY"."PLAN_NAME" IS '요금명';

COMMENT ON COLUMN "TBL_ENT_PAYMENT_HISTORY"."ENT_NO" IS '기업번호';

CREATE TABLE "TBL_APPROVAL" (
   "APPROVAL_NO"   NUMBER      NOT NULL,
   "ENT_NO"   NUMBER      NOT NULL,
   "ENT_YN"   VARCHAR2(3)      NOT NULL
);

COMMENT ON COLUMN "TBL_APPROVAL"."APPROVAL_NO" IS '가입신청내역번호';

COMMENT ON COLUMN "TBL_APPROVAL"."ENT_NO" IS '기업번호';

COMMENT ON COLUMN "TBL_APPROVAL"."ENT_YN" IS '가입 신청 승인 여부';


CREATE TABLE "TBL_QUESTION" (
   "QUE_NO"   NUMBER      NOT NULL,
   "QUE_TITLE"   VARCHAR2(60)      NOT NULL,
   "QUE_CONTENT"   VARCHAR2(600)      NOT NULL,
   "CATEGORY_NO"   VARCHAR2(9)      NOT NULL,
   "USER_NO"   NUMBER      NULL,
   "ENT_NO"   NUMBER      NULL
);
COMMENT ON COLUMN "TBL_QUESTION"."QUE_NO" IS '문의 번호';

COMMENT ON COLUMN "TBL_QUESTION"."QUE_TITLE" IS '글 제목';

COMMENT ON COLUMN "TBL_QUESTION"."QUE_CONTENT" IS '글 내용';

COMMENT ON COLUMN "TBL_QUESTION"."CATEGORY_NO" IS '구분 번호';

COMMENT ON COLUMN "TBL_QUESTION"."USER_NO" IS '회원 번호';

COMMENT ON COLUMN "TBL_QUESTION"."ENT_NO" IS '기업 번호';

CREATE TABLE "TBL_ANSWER" (
   "ANS_NO"   NUMBER      NOT NULL,
   "ANS_TITLE"   VARCHAR2(60)      NOT NULL,
   "ANS_CONTENT"   VARCHAR2(600)      NOT NULL,
   "ADMIN_ID"   VARCHAR2(20)      NOT NULL,
   "QUE_NO"   NUMBER      NOT NULL
);
COMMENT ON COLUMN "TBL_ANSWER"."ANS_NO" IS '답변 번호';

COMMENT ON COLUMN "TBL_ANSWER"."ANS_TITLE" IS '답변 제목';

COMMENT ON COLUMN "TBL_ANSWER"."ANS_CONTENT" IS '답변 내용';

COMMENT ON COLUMN "TBL_ANSWER"."ADMIN_ID" IS '관리자 아이디';

COMMENT ON COLUMN "TBL_ANSWER"."QUE_NO" IS '문의 번호';

CREATE TABLE "TBL_ENT_GRADE_HISTORY" (
   "SCORE_NO"   NUMBER      NOT NULL,
   "CRADE_SCORE"   NUMBER      NULL,
   "ENT_NO"   NUMBER      NOT NULL,
   "USER_NO"   NUMBER      NOT NULL
);

COMMENT ON COLUMN "TBL_ENT_GRADE_HISTORY"."SCORE_NO" IS '기업 평점 번호';

COMMENT ON COLUMN "TBL_ENT_GRADE_HISTORY"."CRADE_SCORE" IS '평가 점수';

COMMENT ON COLUMN "TBL_ENT_GRADE_HISTORY"."ENT_NO" IS '기업번호';

COMMENT ON COLUMN "TBL_ENT_GRADE_HISTORY"."USER_NO" IS '회원 번호';

CREATE TABLE "TBL_USER_CLASS" (
   "USER_CLASS_NAME"   VARCHAR2(30)      NOT NULL,
   "USER_CLASS_NO"   NUMBER      NOT NULL,
   "USER_CLASS_SCORE"   NUMBER      NOT NULL
);

COMMENT ON COLUMN "TBL_USER_CLASS"."USER_CLASS_NAME" IS '등급명';

COMMENT ON COLUMN "TBL_USER_CLASS"."USER_CLASS_NO" IS '합격횟수';

COMMENT ON COLUMN "TBL_USER_CLASS"."USER_CLASS_SCORE" IS '기준점수';

CREATE TABLE "TBL_USER_ADD_FILE" (
   "USER_FILE_NO"   NUMBER      NOT NULL,
   "USER_FILE_NAME"   VARCHAR2(500)      NULL,
   "USER_FILE_INTRO"   VARCHAR2(500)      NULL,
   "USER_PROFILE_NO"   NUMBER      NOT NULL
);

COMMENT ON COLUMN "TBL_USER_ADD_FILE"."USER_FILE_NO" IS '첨부파일번호';

COMMENT ON COLUMN "TBL_USER_ADD_FILE"."USER_FILE_NAME" IS '파일명';

COMMENT ON COLUMN "TBL_USER_ADD_FILE"."USER_FILE_INTRO" IS '파일소개';

COMMENT ON COLUMN "TBL_USER_ADD_FILE"."USER_PROFILE_NO" IS '프로필번호';

CREATE TABLE "TBL_ENT_ADD_FILE" (
	"ENT_FILE_NO"	NUMBER		NOT NULL,
	"ENT_FILE_NAME"	VARCHAR2(500)		NULL,
	"ENT_FILE_INTRO"	VARCHAR2(500)		NULL,
	"ENT_PROF_NO"	NUMBER		NOT NULL
);

COMMENT ON COLUMN "TBL_ENT_ADD_FILE"."ENT_FILE_NO" IS '첨부파일번호';

COMMENT ON COLUMN "TBL_ENT_ADD_FILE"."ENT_FILE_NAME" IS '파일명';

COMMENT ON COLUMN "TBL_ENT_ADD_FILE"."ENT_FILE_INTRO" IS '파일소개';

COMMENT ON COLUMN "TBL_ENT_ADD_FILE"."ENT_PROF_NO" IS '프로필번호';

CREATE TABLE "TBL_USER_GENRE_CATEGORY" (
   "USER_PROFILE_NO"   NUMBER      NOT NULL,
   "GENRE_NO"   NUMBER      NOT NULL
);

COMMENT ON COLUMN "TBL_USER_GENRE_CATEGORY"."USER_PROFILE_NO" IS '프로필번호';

COMMENT ON COLUMN "TBL_USER_GENRE_CATEGORY"."GENRE_NO" IS '장르번호';

CREATE TABLE "TBL_ENT_GENRE_CATEGORY" (
   "GENRE_NO"   NUMBER      NOT NULL,
   "ENT_PROF_NO"   NUMBER      NOT NULL
);

COMMENT ON COLUMN "TBL_ENT_GENRE_CATEGORY"."GENRE_NO" IS '장르번호';

COMMENT ON COLUMN "TBL_ENT_GENRE_CATEGORY"."ENT_PROF_NO" IS '프로필번호';

CREATE TABLE "TBL_USER_PHOTO" (
	"USER_PHOTO_NO"	NUMBER		NOT NULL,
	"USER_PHOTO_ORIGINAL_SAVED_PAH"	VARCHAR2(2000)		NOT NULL,
	"USER_PHOTO_SAVED_NAME"	VARCHAR2(2000)		NOT NULL,
	"USER_PHOTO_SAVED_PATH"	VARCHAR2(2000)		NOT NULL,
	"USER_PHOTO_ACTIVE_YN"	VARCHAR2(1)	DEFAULT 'Y'	NOT NULL,
	"USER_PROFILE_NO"	NUMBER		NOT NULL
);

COMMENT ON COLUMN "TBL_USER_PHOTO"."USER_PHOTO_NO" IS '프로필 사진 번호';

COMMENT ON COLUMN "TBL_USER_PHOTO"."USER_PHOTO_ORIGINAL_SAVED_PAH" IS '원본사진저장경로';

COMMENT ON COLUMN "TBL_USER_PHOTO"."USER_PHOTO_SAVED_NAME" IS '저장사진명';

COMMENT ON COLUMN "TBL_USER_PHOTO"."USER_PHOTO_SAVED_PATH" IS '저장경로';

COMMENT ON COLUMN "TBL_USER_PHOTO"."USER_PHOTO_ACTIVE_YN" IS '활성화상태';

COMMENT ON COLUMN "TBL_USER_PHOTO"."USER_PROFILE_NO" IS '프로필번호';

CREATE TABLE "TBL_ENT_PHOTO" (
	"ENT_PHOTO_NO"	NUMBER		NOT NULL,
	"ENT_PHOTO_ORIGINAL_SAVED_PATH"	VARCHAR2(2000)		NULL,
	"ENT_PHOTO_SAVED_NAME"	VARCHAR2(2000)		NULL,
	"ENT_PHOTO_SAVED_PATH"	VARCHAR2(2000)		NULL,
	"ENT_PHOTO_ACTIVE_YN"	VARCHAR2(1)		NULL,
	"ENT_PROF_NO"	NUMBER		NOT NULL
);

COMMENT ON COLUMN "TBL_ENT_PHOTO"."ENT_PHOTO_NO" IS '프로필 사진 번호';

COMMENT ON COLUMN "TBL_ENT_PHOTO"."ENT_PHOTO_ORIGINAL_SAVED_PATH" IS '원본저장경로';

COMMENT ON COLUMN "TBL_ENT_PHOTO"."ENT_PHOTO_SAVED_NAME" IS '저장사진명';

COMMENT ON COLUMN "TBL_ENT_PHOTO"."ENT_PHOTO_SAVED_PATH" IS '저장경로';

COMMENT ON COLUMN "TBL_ENT_PHOTO"."ENT_PHOTO_ACTIVE_YN" IS '활성화 상태';

COMMENT ON COLUMN "TBL_ENT_PHOTO"."ENT_PROF_NO" IS '프로필번호';

CREATE TABLE "ENT_LICENSE" (
	"ENT_NO"	NUMBER		NOT NULL,
	"ENT_LICENSE_NO"	VARCHAR2(15)		NOT NULL,
	"ENT_LICENSE_PDF"	VARCHAR2(2000)		NOT NULL,
	"ENT_LICENSE_PATH"	VARCHAR2(2000)		NOT NULL
);

COMMENT ON COLUMN "ENT_LICENSE"."ENT_NO" IS '기업번호';

COMMENT ON COLUMN "ENT_LICENSE"."ENT_LICENSE_NO" IS '등록번호';

COMMENT ON COLUMN "ENT_LICENSE"."ENT_LICENSE_PDF" IS '등록증';

COMMENT ON COLUMN "ENT_LICENSE"."ENT_LICENSE_PATH" IS '저장경로';

CREATE TABLE "TBL_USER_LOGIN" (
	"USER_LOGIN_NO"	NUMBER		NOT NULL,
	"USER_LGGIN_TIME"	DATE		NOT NULL,
	"USER_LOGIN_SUCCESS_YN"	VARCHAR2(1)		NULL,
	"USER_NO"	NUMBER		NOT NULL
);

COMMENT ON COLUMN "TBL_USER_LOGIN"."USER_LOGIN_NO" IS '개인 로그인 이력 번호';

COMMENT ON COLUMN "TBL_USER_LOGIN"."USER_LGGIN_TIME" IS '로그인 시간';

COMMENT ON COLUMN "TBL_USER_LOGIN"."USER_LOGIN_SUCCESS_YN" IS '성공실패여부';

COMMENT ON COLUMN "TBL_USER_LOGIN"."USER_NO" IS '회원 번호';

CREATE TABLE "TBL_ENT_LOGIN" (
	"ENT_LOGIN_NO"	NUMBER		NOT NULL,
	"ENT_LOGIN_TIME"	DATE		NOT NULL,
	"ENT_LOGIN_SUCCESS_YN"	VARCHAR2(1)		NULL,
	"ENT_NO"	NUMBER		NOT NULL
);

COMMENT ON COLUMN "TBL_ENT_LOGIN"."ENT_LOGIN_NO" IS '기업 로그인 이력 번호';

COMMENT ON COLUMN "TBL_ENT_LOGIN"."ENT_LOGIN_TIME" IS '로그인 시간';

COMMENT ON COLUMN "TBL_ENT_LOGIN"."ENT_LOGIN_SUCCESS_YN" IS '성공실패여부';

COMMENT ON COLUMN "TBL_ENT_LOGIN"."ENT_NO" IS '기업번호';

ALTER TABLE "TBL_USER_INFO" ADD CONSTRAINT "PK_TBL_USER_INFO" PRIMARY KEY (
   "USER_NO"
);

ALTER TABLE "TBL_ENT_INFO" ADD CONSTRAINT "PK_TBL_ENT_INFO" PRIMARY KEY (
   "ENT_NO"
);

ALTER TABLE "TBL_ADMIN" ADD CONSTRAINT "PK_TBL_ADMIN" PRIMARY KEY (
   "ADMIN_ID"
);

ALTER TABLE "TBL_USER_PROFILE" ADD CONSTRAINT "PK_TBL_USER_PROFILE" PRIMARY KEY (
   "USER_PROFILE_NO"
);

ALTER TABLE "TBL_ENT_PROFILE" ADD CONSTRAINT "PK_TBL_ENT_PROFILE" PRIMARY KEY (
   "ENT_PROF_NO"
);

ALTER TABLE "TBL_POSTING" ADD CONSTRAINT "PK_TBL_POSTING" PRIMARY KEY (
   "POSTING_NO"
);

ALTER TABLE "TBL_APPLICATION_HISTORY" ADD CONSTRAINT "PK_TBL_APPLICATION_HISTORY" PRIMARY KEY (
   "APPLICATION_NO"
);

ALTER TABLE "TBL_OFFER" ADD CONSTRAINT "PK_TBL_OFFER" PRIMARY KEY (
   "OFFER_NO"
);

ALTER TABLE "TBL_PROJECT" ADD CONSTRAINT "PK_TBL_PROJECT" PRIMARY KEY (
   "PROJECT_NO"
);

ALTER TABLE "TBL_JOB_CATEGORY" ADD CONSTRAINT "PK_TBL_JOB_CATEGORY" PRIMARY KEY (
   "JOB_NO"
);

ALTER TABLE "TBL_GENRE_CATEGORY" ADD CONSTRAINT "PK_TBL_GENRE_CATEGORY" PRIMARY KEY (
   "GENRE_NO"
);

ALTER TABLE "TBL_NOTICE" ADD CONSTRAINT "PK_TBL_NOTICE" PRIMARY KEY (
   "NOTICE_NO"
);

ALTER TABLE "TBL_USER_PAYMENT_HISTORY" ADD CONSTRAINT "PK_TBL_USER_PAYMENT_HISTORY" PRIMARY KEY (
   "USER_PAYMENT_NO"
);

ALTER TABLE "TBL_QNA_CATEGORY" ADD CONSTRAINT "PK_TBL_QNA_CATEGORY" PRIMARY KEY (
   "CATEGORY_NO"
);

ALTER TABLE "TBL_USER_SCORE_HISTORY" ADD CONSTRAINT "PK_TBL_USER_SCORE_HISTORY" PRIMARY KEY (
   "SCORE_NO"
);

ALTER TABLE "TBL_RATE_PLAN" ADD CONSTRAINT "PK_TBL_RATE_PLAN" PRIMARY KEY (
   "PLAN_NAME"
);

ALTER TABLE "TBL_ENT_PAYMENT_HISTORY" ADD CONSTRAINT "PK_TBL_ENT_PAYMENT_HISTORY" PRIMARY KEY (
   "ENT_PAYMENT_NO"
);

ALTER TABLE "TBL_APPROVAL" ADD CONSTRAINT "PK_TBL_APPROVAL" PRIMARY KEY (
   "APPROVAL_NO"
);

ALTER TABLE "TBL_ANSWER" ADD CONSTRAINT "PK_TBL_ANSWER" PRIMARY KEY (
   "ANS_NO"
);

ALTER TABLE "TBL_QUESTION" ADD CONSTRAINT "PK_TBL_QUESTION" PRIMARY KEY (
   "QUE_NO"
);

ALTER TABLE "TBL_ENT_GRADE_HISTORY" ADD CONSTRAINT "PK_TBL_ENT_GRADE_HISTORY" PRIMARY KEY (
   "SCORE_NO"
);

ALTER TABLE "TBL_USER_CLASS" ADD CONSTRAINT "PK_TBL_USER_CLASS" PRIMARY KEY (
   "USER_CLASS_NAME"
);

ALTER TABLE "TBL_USER_ADD_FILE" ADD CONSTRAINT "PK_TBL_USER_ADD_FILE" PRIMARY KEY (
   "USER_FILE_NO"
);

ALTER TABLE "TBL_ENT_ADD_FILE" ADD CONSTRAINT "PK_TBL_ENT_ADD_FILE" PRIMARY KEY (
   "ENT_FILE_NO"
);

ALTER TABLE "TBL_USER_GENRE_CATEGORY" ADD CONSTRAINT "PK_TBL_USER_GENRE_CATEGORY" PRIMARY KEY (
   "USER_PROFILE_NO",
   "GENRE_NO"
);

ALTER TABLE "TBL_ENT_GENRE_CATEGORY" ADD CONSTRAINT "PK_TBL_ENT_GENRE_CATEGORY" PRIMARY KEY (
   "GENRE_NO",
   "ENT_PROF_NO"
);

ALTER TABLE "TBL_USER_INFO" ADD CONSTRAINT "FK_TBL_USER_CLASS_TO_TBL_USER_INFO_1" FOREIGN KEY (
   "USER_CLASS_NAME"
)
REFERENCES "TBL_USER_CLASS" (
   "USER_CLASS_NAME"
);

ALTER TABLE "TBL_USER_PROFILE" ADD CONSTRAINT "FK_TBL_USER_INFO_TO_TBL_USER_PROFILE_1" FOREIGN KEY (
   "USER_NO"
)
REFERENCES "TBL_USER_INFO" (
   "USER_NO"
);

ALTER TABLE "TBL_USER_PROFILE" ADD CONSTRAINT "FK_TBL_JOB_CATEGORY_TO_TBL_USER_PROFILE_1" FOREIGN KEY (
   "JOB_NO"
)
REFERENCES "TBL_JOB_CATEGORY" (
   "JOB_NO"
);

ALTER TABLE "TBL_ENT_PROFILE" ADD CONSTRAINT "FK_TBL_ENT_INFO_TO_TBL_ENT_PROFILE_1" FOREIGN KEY (
   "ENT_NO"
)
REFERENCES "TBL_ENT_INFO" (
   "ENT_NO"
);

ALTER TABLE "TBL_POSTING" ADD CONSTRAINT "FK_TBL_PROJECT_TO_TBL_POSTING_1" FOREIGN KEY (
   "PROJECT_NO"
)
REFERENCES "TBL_PROJECT" (
   "PROJECT_NO"
);

ALTER TABLE "TBL_POSTING" ADD CONSTRAINT "FK_TBL_ENT_INFO_TO_TBL_POSTING_1" FOREIGN KEY (
   "ENT_NO"
)
REFERENCES "TBL_ENT_INFO" (
   "ENT_NO"
);

ALTER TABLE "TBL_POSTING" ADD CONSTRAINT "FK_TBL_USER_INFO_TO_TBL_POSTING_1" FOREIGN KEY (
   "USER_NO"
)
REFERENCES "TBL_USER_INFO" (
   "USER_NO"
);

ALTER TABLE "TBL_POSTING" ADD CONSTRAINT "FK_TBL_JOB_CATEGORY_TO_TBL_POSTING_1" FOREIGN KEY (
   "JOB_NO"
)
REFERENCES "TBL_JOB_CATEGORY" (
   "JOB_NO"
);

ALTER TABLE "TBL_POSTING" ADD CONSTRAINT "FK_TBL_GENRE_CATEGORY_TO_TBL_POSTING_1" FOREIGN KEY (
   "GENRE_NO"
)
REFERENCES "TBL_GENRE_CATEGORY" (
   "GENRE_NO"
);

ALTER TABLE "TBL_APPLICATION_HISTORY" ADD CONSTRAINT "FK_TBL_USER_INFO_TO_TBL_APPLICATION_HISTORY_1" FOREIGN KEY (
   "USER_NO"
)
REFERENCES "TBL_USER_INFO" (
   "USER_NO"
);

ALTER TABLE "TBL_APPLICATION_HISTORY" ADD CONSTRAINT "FK_TBL_POSTING_TO_TBL_APPLICATION_HISTORY_1" FOREIGN KEY (
   "POSTING_NO"
)
REFERENCES "TBL_POSTING" (
   "POSTING_NO"
);

ALTER TABLE "TBL_OFFER" ADD CONSTRAINT "FK_TBL_USER_INFO_TO_TBL_OFFER_1" FOREIGN KEY (
   "USER_NO"
)
REFERENCES "TBL_USER_INFO" (
   "USER_NO"
);

ALTER TABLE "TBL_OFFER" ADD CONSTRAINT "FK_TBL_POSTING_TO_TBL_OFFER_1" FOREIGN KEY (
   "POSTING_NO"
)
REFERENCES "TBL_POSTING" (
   "POSTING_NO"
);

ALTER TABLE "TBL_PROJECT" ADD CONSTRAINT "FK_TBL_ENT_INFO_TO_TBL_PROJECT_1" FOREIGN KEY (
   "ENT_NO"
)
REFERENCES "TBL_ENT_INFO" (
   "ENT_NO"
);

ALTER TABLE "TBL_PROJECT" ADD CONSTRAINT "FK_TBL_GENRE_CATEGORY_TO_TBL_PROJECT_1" FOREIGN KEY (
   "GENRE_NO"
)
REFERENCES "TBL_GENRE_CATEGORY" (
   "GENRE_NO"
);

ALTER TABLE "TBL_NOTICE" ADD CONSTRAINT "FK_TBL_ADMIN_TO_TBL_NOTICE_1" FOREIGN KEY (
   "ADMIN_ID"
)
REFERENCES "TBL_ADMIN" (
   "ADMIN_ID"
);

ALTER TABLE "TBL_USER_PAYMENT_HISTORY" ADD CONSTRAINT "FK_TBL_POSTING_TO_TBL_USER_PAYMENT_HISTORY_1" FOREIGN KEY (
   "POSTING_NO"
)
REFERENCES "TBL_POSTING" (
   "POSTING_NO"
);

ALTER TABLE "TBL_USER_SCORE_HISTORY" ADD CONSTRAINT "FK_TBL_ENT_INFO_TO_TBL_USER_SCORE_HISTORY_1" FOREIGN KEY (
   "ENT_NO"
)
REFERENCES "TBL_ENT_INFO" (
   "ENT_NO"
);

ALTER TABLE "TBL_USER_SCORE_HISTORY" ADD CONSTRAINT "FK_TBL_USER_INFO_TO_TBL_USER_SCORE_HISTORY_1" FOREIGN KEY (
   "USER_NO"
)
REFERENCES "TBL_USER_INFO" (
   "USER_NO"
);

ALTER TABLE "TBL_ENT_PAYMENT_HISTORY" ADD CONSTRAINT "FK_TBL_RATE_PLAN_TO_TBL_ENT_PAYMENT_HISTORY_1" FOREIGN KEY (
   "PLAN_NAME"
)
REFERENCES "TBL_RATE_PLAN" (
   "PLAN_NAME"
);

ALTER TABLE "TBL_ENT_PAYMENT_HISTORY" ADD CONSTRAINT "FK_TBL_ENT_INFO_TO_TBL_ENT_PAYMENT_HISTORY_1" FOREIGN KEY (
   "ENT_NO"
)
REFERENCES "TBL_ENT_INFO" (
   "ENT_NO"
);

ALTER TABLE "TBL_APPROVAL" ADD CONSTRAINT "FK_TBL_ENT_INFO_TO_TBL_APPROVAL_1" FOREIGN KEY (
   "ENT_NO"
)
REFERENCES "TBL_ENT_INFO" (
   "ENT_NO"
);

ALTER TABLE "TBL_ANSWER" ADD CONSTRAINT "FK_TBL_ADMIN_TO_TBL_ANSWER_1" FOREIGN KEY (
   "ADMIN_ID"
)
REFERENCES "TBL_ADMIN" (
   "ADMIN_ID"
);

ALTER TABLE "TBL_QUESTION" ADD CONSTRAINT "FK_TBL_QNA_CATEGORY_TO_TBL_QUESTION_1" FOREIGN KEY (
   "CATEGORY_NO"
)
REFERENCES "TBL_QNA_CATEGORY" (
   "CATEGORY_NO"
);

ALTER TABLE "TBL_ANSWER" ADD CONSTRAINT "FK_TBL_QUESTION_1_TO_TBL_ANSWER" FOREIGN KEY (
   "QUE_NO"
)
REFERENCES "TBL_QUESTION" (
   "QUE_NO"
);

ALTER TABLE "TBL_QUESTION" ADD CONSTRAINT "FK_TBL_USER_INFO_TO_TBL_QUESTION_1" FOREIGN KEY (
   "USER_NO"
)
REFERENCES "TBL_USER_INFO" (
   "USER_NO"
);

ALTER TABLE "TBL_QUESTION" ADD CONSTRAINT "FK_TBL_ENT_INFO_TO_TBL_QUESTION_1" FOREIGN KEY (
   "ENT_NO"
)
REFERENCES "TBL_ENT_INFO" (
   "ENT_NO"
);

ALTER TABLE "TBL_ENT_GRADE_HISTORY" ADD CONSTRAINT "FK_TBL_ENT_INFO_TO_TBL_ENT_GRADE_HISTORY_1" FOREIGN KEY (
   "ENT_NO"
)
REFERENCES "TBL_ENT_INFO" (
   "ENT_NO"
);

ALTER TABLE "TBL_ENT_GRADE_HISTORY" ADD CONSTRAINT "FK_TBL_USER_INFO_TO_TBL_ENT_GRADE_HISTORY_1" FOREIGN KEY (
   "USER_NO"
)
REFERENCES "TBL_USER_INFO" (
   "USER_NO"
);

ALTER TABLE "TBL_USER_ADD_FILE" ADD CONSTRAINT "FK_TBL_USER_PROFILE_TO_TBL_USER_ADD_FILE_1" FOREIGN KEY (
   "USER_PROFILE_NO"
)
REFERENCES "TBL_USER_PROFILE" (
   "USER_PROFILE_NO"
);

ALTER TABLE "TBL_ENT_ADD_FILE" ADD CONSTRAINT "FK_TBL_ENT_PROFILE_TO_TBL_ENT_ADD_FILE_1" FOREIGN KEY (
   "ENT_PROF_NO"
)
REFERENCES "TBL_ENT_PROFILE" (
   "ENT_PROF_NO"
);

ALTER TABLE "TBL_USER_GENRE_CATEGORY" ADD CONSTRAINT "FK_TBL_USER_PROFILE_TO_TBL_USER_GENRE_CATEGORY_1" FOREIGN KEY (
   "USER_PROFILE_NO"
)
REFERENCES "TBL_USER_PROFILE" (
   "USER_PROFILE_NO"
);

ALTER TABLE "TBL_USER_GENRE_CATEGORY" ADD CONSTRAINT "FK_TBL_GENRE_CATEGORY_TO_TBL_USER_GENRE_CATEGORY_1" FOREIGN KEY (
   "GENRE_NO"
)
REFERENCES "TBL_GENRE_CATEGORY" (
   "GENRE_NO"
);

ALTER TABLE "TBL_ENT_GENRE_CATEGORY" ADD CONSTRAINT "FK_TBL_GENRE_CATEGORY_TO_TBL_ENT_GENRE_CATEGORY_1" FOREIGN KEY (
   "GENRE_NO"
)
REFERENCES "TBL_GENRE_CATEGORY" (
   "GENRE_NO"
);

ALTER TABLE "TBL_ENT_GENRE_CATEGORY" ADD CONSTRAINT "FK_TBL_ENT_PROFILE_TO_TBL_ENT_GENRE_CATEGORY_1" FOREIGN KEY (
   "ENT_PROF_NO"
)
REFERENCES "TBL_ENT_PROFILE" (
   "ENT_PROF_NO"
);

ALTER TABLE "TBL_NOTICE" ADD CONSTRAINT "CHECK_NOTICE_ACTIVE_YN" CHECK(NOTICE_ACTIVE_YN IN('Y', 'N'));

ALTER TABLE "TBL_APPROVAL" ADD CONSTRAINT "CHECK_ENT_YN" CHECK(ENT_YN IN('Y', 'N'));

ALTER TABLE "TBL_APPROVAL" MODIFY (ENT_YN DEFAULT 'N');

ALTER TABLE "TBL_USER_PHOTO" ADD CONSTRAINT "PK_TBL_USER_PHOTO" PRIMARY KEY (
	"USER_PHOTO_NO"
);

ALTER TABLE "TBL_ENT_PHOTO" ADD CONSTRAINT "PK_TBL_ENT_PHOTO" PRIMARY KEY (
	"ENT_PHOTO_NO"
);

ALTER TABLE "ENT_LICENSE" ADD CONSTRAINT "PK_ENT_LICENSE" PRIMARY KEY (
	"ENT_NO"
);

ALTER TABLE "TBL_USER_LOGIN" ADD CONSTRAINT "PK_TBL_USER_LOGIN" PRIMARY KEY (
	"USER_LOGIN_NO"
);

ALTER TABLE "TBL_ENT_LOGIN" ADD CONSTRAINT "PK_TBL_ENT_LOGIN" PRIMARY KEY (
	"ENT_LOGIN_NO"
);

ALTER TABLE "ENT_LICENSE" ADD CONSTRAINT "FK_TBL_ENT_INFO_TO_ENT_LICENSE_1" FOREIGN KEY (
	"ENT_NO"
)
REFERENCES "TBL_ENT_INFO" (
	"ENT_NO"
);

-- 여기에 드랍구문
DROP SEQUENCE SEQ_TBL_POSTING;
DROP SEQUENCE SEQ_TBL_APPLICATION_HISTORY;
DROP SEQUENCE SEQ_TBL_USER_GENRE_CATEGORY;
DROP SEQUENCE SEQ_TBL_GENRE_CATEGORY;
DROP SEQUENCE SEQ_TBL_JOB_CATEGORY;

DROP SEQUENCE SEQ_TBL_USER_INFO;
DROP SEQUENCE SEQ_TBL_USER_PROFILE;
DROP SEQUENCE SEQ_TBL_USER_ADD_FILE;
DROP SEQUENCE SEQ_TBL_OFFER;

DROP SEQUENCE SEQ_TBL_ENT_INFO_NO;
DROP SEQUENCE SEQ_TBL_ENT_PROFILE_NO;
DROP SEQUENCE SEQ_TBL_PROJECT_NO;
DROP SEQUENCE SEQ_TBL_ENT_ADD_FILE_NO;
DROP SEQUENCE SEQ_TBL_ENT_GENRE_CATEGORY;

DROP SEQUENCE SEQ_TBL_ANSWER;
DROP SEQUENCE SEQ_TBL_NOTICE;
DROP SEQUENCE SEQ_TBL_QUESTION;
DROP SEQUENCE SEQ_TBL_APPROVAL;

DROP SEQUENCE SEQ_TBL_USER_SCORE_HISTORY;
DROP SEQUENCE SEQ_TBL_ENT_GRADE_HISTORY;
DROP SEQUENCE SEQ_TBL_ENT_PAYMENT_HISTORY;
DROP SEQUENCE SEQ_TBL_USER_PAYMENT_HISTORY;

--여기 아래로 생성구문
CREATE SEQUENCE SEQ_TBL_POSTING NOCACHE;
CREATE SEQUENCE SEQ_TBL_APPLICATION_HISTORY NOCACHE;
CREATE SEQUENCE SEQ_TBL_USER_GENRE_CATEGORY NOCACHE;
CREATE SEQUENCE SEQ_TBL_GENRE_CATEGORY NOCACHE;
CREATE SEQUENCE SEQ_TBL_JOB_CATEGORY NOCACHE;

CREATE SEQUENCE SEQ_TBL_USER_INFO NOCACHE;
CREATE SEQUENCE SEQ_TBL_USER_PROFILE NOCACHE;
CREATE SEQUENCE SEQ_TBL_USER_ADD_FILE NOCACHE;
CREATE SEQUENCE SEQ_TBL_OFFER NOCACHE;

CREATE SEQUENCE SEQ_TBL_ENT_INFO_NO NOCACHE;
CREATE SEQUENCE SEQ_TBL_ENT_PROFILE_NO NOCACHE;
CREATE SEQUENCE SEQ_TBL_PROJECT_NO NOCACHE;
CREATE SEQUENCE SEQ_TBL_ENT_ADD_FILE_NO NOCACHE;
CREATE SEQUENCE SEQ_TBL_ENT_GENRE_CATEGORY NOCACHE;

CREATE SEQUENCE SEQ_TBL_ANSWER NOCACHE;
CREATE SEQUENCE SEQ_TBL_NOTICE NOCACHE;
CREATE SEQUENCE SEQ_TBL_QUESTION NOCACHE;
CREATE SEQUENCE SEQ_TBL_APPROVAL NOCACHE;

CREATE SEQUENCE SEQ_TBL_USER_SCORE_HISTORY NOCACHE;
CREATE SEQUENCE SEQ_TBL_ENT_GRADE_HISTORY NOCACHE;
CREATE SEQUENCE SEQ_TBL_ENT_PAYMENT_HISTORY NOCACHE;
CREATE SEQUENCE SEQ_TBL_USER_PAYMENT_HISTORY NOCACHE;


INSERT INTO TBL_GENRE_CATEGORY
(
    GENRE_NO, GENRE_NAME
)
VALUES
(
    SEQ_TBL_GENRE_CATEGORY.nextval, '영화'
);

INSERT INTO TBL_GENRE_CATEGORY
(
    GENRE_NO, GENRE_NAME
)
VALUES
(
    SEQ_TBL_GENRE_CATEGORY.nextval, '광고'
);

INSERT INTO TBL_GENRE_CATEGORY
(
    GENRE_NO, GENRE_NAME
)
VALUES
(
    SEQ_TBL_GENRE_CATEGORY.nextval, '기타'
);
INSERT INTO TBL_GENRE_CATEGORY
(
    GENRE_NO, GENRE_NAME
)
VALUES
(
    SEQ_TBL_GENRE_CATEGORY.nextval, '다큐'
);
INSERT INTO TBL_GENRE_CATEGORY
(
    GENRE_NO, GENRE_NAME
)
VALUES
(
    SEQ_TBL_GENRE_CATEGORY.nextval, '드라마'
);


INSERT INTO TBL_JOB_CATEGORY
(
    JOB_NO, JOB_NAME
)
VALUES
(
    SEQ_TBL_JOB_CATEGORY.nextval, '배우'
);

INSERT INTO TBL_JOB_CATEGORY
(
    JOB_NO, JOB_NAME
)
VALUES
(
    SEQ_TBL_JOB_CATEGORY.nextval, '촬영'
);

INSERT INTO TBL_JOB_CATEGORY
(
    JOB_NO, JOB_NAME
)
VALUES
(
    SEQ_TBL_JOB_CATEGORY.nextval, '연출'
);

INSERT INTO TBL_JOB_CATEGORY
(
    JOB_NO, JOB_NAME
)
VALUES
(
    SEQ_TBL_JOB_CATEGORY.nextval, '음향'
);

INSERT INTO TBL_JOB_CATEGORY
(
    JOB_NO, JOB_NAME
)
VALUES
(
    SEQ_TBL_JOB_CATEGORY.nextval, '조명'
);

INSERT INTO TBL_JOB_CATEGORY
(
    JOB_NO, JOB_NAME
)
VALUES
(
    SEQ_TBL_JOB_CATEGORY.nextval, '미술'
);

INSERT INTO TBL_JOB_CATEGORY
(
    JOB_NO, JOB_NAME
)
VALUES
(
    SEQ_TBL_JOB_CATEGORY.nextval, '메이크업'
);

-- 기업회원 정보 샘플데이터 추가
INSERT INTO TBL_ENT_INFO
(
  ENT_NO, ENT_NAME, ENT_ID, ENT_PWD, ENT_PHONE, ENT_EMAIL
, ENT_DROP_YN, ENT_SANCTION_YN, ENT_ACTIVE_YN
)
VALUES
(
  SEQ_TBL_ENT_INFO_NO.NEXTVAL, '신풍제약', 'ENT01', 'PASS01', '010-1234-5678', 'ENT01@ENT.COM'
, 'N', 'N', 'N'
);

INSERT INTO TBL_ENT_INFO
(
  ENT_NO, ENT_NAME, ENT_ID, ENT_PWD, ENT_PHONE, ENT_EMAIL
, ENT_DROP_YN, ENT_SANCTION_YN, ENT_ACTIVE_YN
)
VALUES
(
  SEQ_TBL_ENT_INFO_NO.NEXTVAL, '루나코인', 'ENT02', 'PASS02', '010-9123-4567', 'ENT02@ENT.COM'
, 'N', 'N', 'N'
);

INSERT INTO TBL_ENT_INFO
(
  ENT_NO, ENT_NAME, ENT_ID, ENT_PWD, ENT_PHONE, ENT_EMAIL
, ENT_DROP_YN, ENT_SANCTION_YN, ENT_ACTIVE_YN
)
VALUES
(
  SEQ_TBL_ENT_INFO_NO.NEXTVAL, '도지코인', 'ENT03', 'PASS03', '010-8901-2345', 'ENT03@ENT.COM'
, 'N', 'N', 'N'
);
INSERT
  INTO TBL_USER_CLASS
VALUES
(
  '새내기'
, 0
, 0
);

INSERT
  INTO TBL_USER_CLASS
VALUES
(
  '일반'
, 5
, 0
);

INSERT
  INTO TBL_USER_CLASS
VALUES
(
  '우수'
, 30
, 3
);

INSERT
  INTO TBL_USER_CLASS
VALUES
(
  '베테랑'
, 50
, 4
);

-- 기업회원 프로필 샘플데이터 추가
INSERT INTO TBL_ENT_PROFILE
(
  ENT_PROF_NO, ENT_PHOTO, ENT_INTRO, ENT_RESUME, ENT_NO
)
VALUES
(
  SEQ_TBL_ENT_PROFILE_NO.NEXTVAL, '경로입니다.', '안녕하세요 신풍제약입니다.', '영화 xxx연출....', 1
);

INSERT INTO TBL_ENT_PROFILE
(
  ENT_PROF_NO, ENT_PHOTO, ENT_INTRO, ENT_RESUME, ENT_NO
)
VALUES
(
  SEQ_TBL_ENT_PROFILE_NO.NEXTVAL, '경로입니다.', '안녕하세요 루나코인입니다.', '영화 xxx연출....', 2
);

INSERT INTO TBL_ENT_PROFILE
(
  ENT_PROF_NO, ENT_PHOTO, ENT_INTRO, ENT_RESUME, ENT_NO
)
VALUES
(
  SEQ_TBL_ENT_PROFILE_NO.NEXTVAL, '경로입니다.', '안녕하세요 도지코인입니다.', '영화 xxx연출....', 3
);

-- 기업 첨부 파일 샘플데이터 추가
INSERT INTO TBL_ENT_ADD_FILE
(
  ENT_FILE_NO, ENT_FILE_NAME
, ENT_FILE_INTRO, ENT_PROF_NO
)
VALUES
(
  SEQ_TBL_ENT_ADD_FILE_NO.NEXTVAL, '파일명.JPG'
, '떡상의 정석 출연당시 사진입니다.', 1
);

INSERT INTO TBL_ENT_ADD_FILE
(
  ENT_FILE_NO, ENT_FILE_NAME
, ENT_FILE_INTRO, ENT_PROF_NO
)
VALUES
(
  SEQ_TBL_ENT_ADD_FILE_NO.NEXTVAL, '파일명.JPG'
, '떡상의 꿈 출연당시 사진입니다.', 2
);

INSERT INTO TBL_ENT_ADD_FILE
(
  ENT_FILE_NO, ENT_FILE_NAME
, ENT_FILE_INTRO, ENT_PROF_NO
)
VALUES
(
  SEQ_TBL_ENT_ADD_FILE_NO.NEXTVAL, '파일명.JPG'
, '화성에갈테야 출연당시 사진입니다.', 3
);

-- 기업회원 프로젝트 샘플데이터 추가
INSERT INTO TBL_PROJECT
(
  PROJECT_NO, PROJECT_NAME, PROJECT_CONTENT, PROJECT_START_DATE, PROJECT_END_DATE
, PROJECT_ACTIVE_YN, MANAGER_NAME, MANAGER_PHONE, MANAGER_EMAIL, ENT_NO, GENRE_NO
)
VALUES
(
  SEQ_TBL_PROJECT_NO.NEXTVAL, '떡상의정석', '우상향은 모두의 염원입니다.', TO_DATE(SYSDATE,'YYYY-MM-DD HH24:MI:SS'), TO_DATE(SYSDATE,'YYYY-MM-DD HH24:MI:SS')
, 'Y', '강성준', '01012345678', 'ENT01@ENT.COM', 1, 1
);

INSERT INTO TBL_PROJECT
(
  PROJECT_NO, PROJECT_NAME, PROJECT_CONTENT, PROJECT_START_DATE, PROJECT_END_DATE
, PROJECT_ACTIVE_YN, MANAGER_NAME, MANAGER_PHONE, MANAGER_EMAIL, ENT_NO, GENRE_NO
)
VALUES
(
  SEQ_TBL_PROJECT_NO.NEXTVAL, '떡상의꿈', '우상향은 모두의 꿈입니다.', TO_DATE(SYSDATE,'YYYY-MM-DD HH24:MI:SS'), TO_DATE(SYSDATE,'YYYY-MM-DD HH24:MI:SS')
, 'Y', '김창훈', '01090123456', 'ENT02@ENT.COM', 2, 2
);

INSERT INTO TBL_PROJECT
(
  PROJECT_NO, PROJECT_NAME, PROJECT_CONTENT, PROJECT_START_DATE, PROJECT_END_DATE
, PROJECT_ACTIVE_YN, MANAGER_NAME, MANAGER_PHONE, MANAGER_EMAIL, ENT_NO, GENRE_NO
)
VALUES
(
  SEQ_TBL_PROJECT_NO.NEXTVAL, '화성에갈테야', '화성은 미래의 삶의 터전입니다.', TO_DATE(SYSDATE,'YYYY-MM-DD HH24:MI:SS'), TO_DATE(SYSDATE,'YYYY-MM-DD HH24:MI:SS')
, 'Y', '이시원', '01078901234', 'ENT03@ENT.COM', 3, 3
);

INSERT
  INTO TBL_USER_INFO
VALUES
(
  SEQ_TBL_USER_INFO.NEXTVAL
, '박명수'
, 'user1'
, 'asdf1234'
, '서울시 광진구 중곡동'
, '01012345555'
, 'abcd001@never.com'
, 13000
, 2.5
, 'N'
, 'N'
, 'N'
, '일반'
);

INSERT
  INTO TBL_USER_INFO
VALUES
(
  SEQ_TBL_USER_INFO.NEXTVAL
, '하하'
, 'user2'
, 'bbbb0012'
, '서울시 송파구 방이동'
, '01012346666'
, 'abcd002@never.com'
, 32000
, 3.3
, 'N'
, 'N'
, 'N'
, '우수'
);

INSERT
  INTO TBL_USER_INFO
VALUES
(
  SEQ_TBL_USER_INFO.NEXTVAL
, '지드래곤'
, 'user3'
, 'gggg0123'
, '서울시 강남구 논현동'
, '01012347777'
, 'abcd003@never.com'
, 55000
, 4.5
, 'N'
, 'N'
, 'N'
, '베테랑'
);

INSERT
  INTO TBL_USER_PROFILE
VALUES
(
  SEQ_TBL_USER_PROFILE.NEXTVAL
, '박명수'
, 'aaaa'
, TO_DATE(TO_DATE('1999-02-01','YYYY-MM-DD'))
, '서울시'
, '안녕하세요~ 영화배우를 꿈꾸는 박명수입니다!'
, '안녕하세요 저는 영화배우를 꿈꾸고있는 99년생 박명수입니다. 저의 장점은 큰 키와 매력있는 목소리 입니다 ...'
, '영화 괴물 맥주캔 던지는 남자 A 출연'
, 'Y'
, 1
, 1
);

INSERT
  INTO TBL_USER_PROFILE
VALUES
(
  SEQ_TBL_USER_PROFILE.NEXTVAL
, '하하'
, 'aaaa'
, TO_DATE(TO_DATE('1997-05-15','YYYY-MM-DD'))
, '서울시'
, '안녕하십니까! 촬영이 하고싶은 하하입니다!!'
, '안녕하세요 저는 카메라 감독이 되고싶은 97년생 박명수입니다. 카메라가 제일 좋습니다~'
, '영화 괴물 촬영 보조'
, 'Y'
, 2
, 2
);

INSERT
  INTO TBL_USER_PROFILE
VALUES
(
  SEQ_TBL_USER_PROFILE.NEXTVAL
, '지드래곤'
, 'aaaa'
, TO_DATE(TO_DATE('1991-11-11','YYYY-MM-DD'))
, '서울시'
, '안녕하세요~ 조명팀 희망합니다.'
, '안녕하세요 저는 빛나는 지드래곤입니다. 조명팀 연락주세요.. 어디든 열심히 일하겠습니다.'
, '영화 괴물 조명담당  빅뱅 뮤직비디오 조명담당'
, 'Y'
, 3
, 5
);

INSERT
  INTO TBL_USER_ADD_FILE
VALUES
(
  SEQ_TBL_USER_ADD_FILE.NEXTVAL
, 'bbbb'
, '포트폴리오1'
, 1
);

INSERT
  INTO TBL_USER_ADD_FILE
VALUES
(
  SEQ_TBL_USER_ADD_FILE.NEXTVAL
, 'bbbb'
, '포트폴리오1'
, 2
);

INSERT
  INTO TBL_USER_ADD_FILE
VALUES
(
  SEQ_TBL_USER_ADD_FILE.NEXTVAL
, 'bbbb'
, '포트폴리오1'
, 3
);

INSERT
  INTO TBL_USER_ADD_FILE
VALUES
(
  SEQ_TBL_USER_ADD_FILE.NEXTVAL
, 'bbbb'
, '포트폴리오2'
, 3
);

--구인공고
INSERT INTO TBL_POSTING
(
    POSTING_NO, POSTING_TITLE, POSTING_DETAIL, POSTING_OPEN_YN, VIEWS
,   POSTING_DATE, PROJECT_NO, ENT_NO, USER_NO, JOB_NO, GENRE_NO
)
VALUES
(
    SEQ_TBL_POSTING.NEXTVAL, '잡아먹히는 역할 구합니다.', '맛있게 연기해주실 분, 아주 맛있는 연기를 해주셔야 합니다. 나이 27~40세 남성', 'Y', 0
,   TO_DATE('2022-01-01 15:11:03','YYYY-MM-DD HH24:MI:SS'), 1, 1, 1, 1, 1
);

INSERT INTO TBL_POSTING
(
    POSTING_NO, POSTING_TITLE, POSTING_DETAIL, POSTING_OPEN_YN, VIEWS
,   POSTING_DATE, PROJECT_NO, ENT_NO, USER_NO, JOB_NO, GENRE_NO
)
VALUES
(
    SEQ_TBL_POSTING.NEXTVAL, '식인종 역 배우 구합니다.', '아주 맛있게 먹는 연기를 해주셔야 합니다. 나이 57~70세 남성', 'Y', 0
,   TO_DATE('2022-01-01 15:11:03','YYYY-MM-DD HH24:MI:SS'), 1, 1, 1, 1, 1
);

INSERT INTO TBL_POSTING
(
    POSTING_NO, POSTING_TITLE, POSTING_DETAIL, POSTING_OPEN_YN, VIEWS
,   POSTING_DATE, PROJECT_NO, ENT_NO, USER_NO, JOB_NO, GENRE_NO
)
VALUES
(
    SEQ_TBL_POSTING.NEXTVAL, '사냥꾼 역 배우 구합니다.', '섬에서 생존하며 식인종과 맞서싸우는 와일드한 연기를 해주셔야 합니다. 나이 23~35세 남/녀', 'Y', 0
,   TO_DATE('2022-01-01 15:11:03','YYYY-MM-DD HH24:MI:SS'), 2, 2, 3, 3, 3
);

INSERT INTO TBL_POSTING
(
    POSTING_NO, POSTING_TITLE, POSTING_DETAIL, POSTING_OPEN_YN, VIEWS
,   POSTING_DATE, PROJECT_NO, ENT_NO, USER_NO, JOB_NO, GENRE_NO
)
VALUES
(
    SEQ_TBL_POSTING.NEXTVAL, '귀부인 역할 구합니다.', '섬에서 생존하며 소리 떽 떽 지르면서 관객들 발암을 유발하는 맛있는 연기를 원합니다. 50~60세 여성', 'Y', 0
,   TO_DATE(SYSDATE,'YYYY-MM-DD HH24:MI:SS'), 3, 3, 3, 4, 3
);

INSERT
  INTO TBL_OFFER
VALUES
(
  SEQ_TBL_OFFER.NEXTVAL
, 'N'
, TO_DATE(TO_DATE('2022-05-27','YYYY-MM-DD'))
, 1
, 1
);

INSERT
  INTO TBL_OFFER
VALUES
(
  SEQ_TBL_OFFER.NEXTVAL
, 'Y'
, TO_DATE(TO_DATE('2022-05-26','YYYY-MM-DD'))
, 2
, 1
);

INSERT
  INTO TBL_OFFER
VALUES
(
  SEQ_TBL_OFFER.NEXTVAL
, 'Y'
, TO_DATE(TO_DATE('2022-05-25','YYYY-MM-DD'))
, 2
, 2
);

-- 공고 지원 내역

INSERT INTO tbl_APPLICATION_HISTORY
(
    APPLICATION_NO, APPLICATION_CONNECT_YN, APPLICATION_DATE
,   APPLICATION_INTRO, USER_NO, POSTING_NO
)
VALUES
(
    SEQ_TBL_APPLICATION_HISTORY.NEXTVAL, DEFAULT, TO_DATE(SYSDATE,'YYYY-MM-DD HH24:MI:SS')
,   '한다면 하는 남자, 아름다운 남자, 문재인입니다.!', 1, 1
);

INSERT INTO tbl_APPLICATION_HISTORY
(
    APPLICATION_NO, APPLICATION_CONNECT_YN, APPLICATION_DATE
,   APPLICATION_INTRO, USER_NO, POSTING_NO
)
VALUES
(
    SEQ_TBL_APPLICATION_HISTORY.NEXTVAL, DEFAULT, TO_DATE(SYSDATE,'YYYY-MM-DD HH24:MI:SS')
,   '부산 사투리가 맛깔난 남자, 박근혜입니다!', 1, 1
);
INSERT INTO tbl_APPLICATION_HISTORY
(
    APPLICATION_NO, APPLICATION_CONNECT_YN, APPLICATION_DATE
,   APPLICATION_INTRO, USER_NO, POSTING_NO
)
VALUES
(
    SEQ_TBL_APPLICATION_HISTORY.NEXTVAL, DEFAULT, TO_DATE(SYSDATE,'YYYY-MM-DD HH24:MI:SS')
,   '이재명은 합니다!', 2, 2
);
INSERT INTO tbl_APPLICATION_HISTORY
(
    APPLICATION_NO, APPLICATION_CONNECT_YN, APPLICATION_DATE
,   APPLICATION_INTRO, USER_NO, POSTING_NO
)
VALUES
(
    SEQ_TBL_APPLICATION_HISTORY.NEXTVAL, DEFAULT, TO_DATE(SYSDATE,'YYYY-MM-DD HH24:MI:SS')
,   '이명박이명박박이명박이명박박 기호2번 이명박~', 1, 2
);

INSERT INTO TBL_USER_GENRE_CATEGORY
(
    USER_PROFILE_NO, GENRE_NO
)
VALUES
(
    1, 2
);

INSERT INTO TBL_USER_GENRE_CATEGORY
(
    USER_PROFILE_NO, GENRE_NO
)
VALUES
(
    1, 3
);

INSERT INTO TBL_USER_GENRE_CATEGORY
(
    USER_PROFILE_NO, GENRE_NO
)
VALUES
(
    1, 4
);

INSERT INTO TBL_USER_GENRE_CATEGORY
(
    USER_PROFILE_NO, GENRE_NO
)
VALUES
(
    2, 2
);

INSERT INTO TBL_USER_GENRE_CATEGORY
(
    USER_PROFILE_NO, GENRE_NO
)
VALUES
(
    2, 5
);

-- 기업 분야 샘플데이터 추가
INSERT INTO TBL_ENT_GENRE_CATEGORY
(
  GENRE_NO
, ENT_PROF_NO
)
VALUES
(
  1, 1
);

INSERT INTO TBL_ENT_GENRE_CATEGORY
(
  GENRE_NO
, ENT_PROF_NO
)
VALUES
(
  2, 2
);

INSERT INTO TBL_ENT_GENRE_CATEGORY
(
  GENRE_NO
, ENT_PROF_NO
)
VALUES
(
  3, 3
);

INSERT
  INTO TBL_RATE_PLAN
VALUES
(
  '스탠다드', 20000, 3, 20, 1
);

INSERT
  INTO TBL_RATE_PLAN
VALUES
(
  '비즈니스', 50000, 10, 20, 2
);

INSERT
  INTO TBL_RATE_PLAN
VALUES
(
  '프리미엄', 100000, 3, 20, 5
);


-- 관리자  

INSERT INTO TBL_ADMIN
(
  ADMIN_ID, ADMIN_NAME, ADMIN_PASSWORD
)
VALUES
(
  'ADMIN01', '이시원', 'PASS01'
);

INSERT INTO TBL_ADMIN
(
  ADMIN_ID, ADMIN_NAME, ADMIN_PASSWORD
)
VALUES
(
  'ADMIN02', '김종각', 'PASS02'
);

INSERT INTO TBL_ADMIN
(
  ADMIN_ID, ADMIN_NAME, ADMIN_PASSWORD
)
VALUES
(
  'ADMIN03', '이종로', 'PASS03'
);



-- 문의 내역 구분(문의 카테고리)

INSERT INTO TBL_QNA_CATEGORY
(
  CATEGORY_NO, CATEGORY_NAME
)
VALUES
(
  1, '결제문의' 
);

INSERT INTO TBL_QNA_CATEGORY
(
  CATEGORY_NO, CATEGORY_NAME
)
VALUES
(
  2, '이용문의' 
);

INSERT INTO TBL_QNA_CATEGORY
(
  CATEGORY_NO, CATEGORY_NAME
)
VALUES
(
  3, '계정문의' 
);

INSERT INTO TBL_QNA_CATEGORY
(
  CATEGORY_NO, CATEGORY_NAME
)
VALUES
(
  4, '신고문의' 
);



-- 1:1 문의
INSERT INTO TBL_QUESTION
(
  QUE_NO, QUE_TITLE, QUE_CONTENT
, CATEGORY_NO, USER_NO, ENT_NO
)
VALUES
(
  SEQ_TBL_NOTICE.NEXTVAL, '계정 공지사항', '계정 탈퇴 시 남은 충전 금액은 환불이 가능하나요?.'
, 1, 1, NULL
);

INSERT INTO TBL_QUESTION
(
  QUE_NO, QUE_TITLE, QUE_CONTENT
, CATEGORY_NO, USER_NO, ENT_NO
)
VALUES
(
  SEQ_TBL_NOTICE.NEXTVAL, '신고 공지사항', '기업 구인공고에 부적절한 발언이 포함되어있습니다.'
, 4, 2, NULL
);

INSERT INTO TBL_QUESTION
(
  QUE_NO, QUE_TITLE, QUE_CONTENT
, CATEGORY_NO, USER_NO, ENT_NO
)
VALUES
(
  SEQ_TBL_NOTICE.NEXTVAL, '이용 문의합니다.', '어떻게 이용할 수 있나요?'
, 2, 3, NULL
);


-- 1:1 답변 

SELECT * FROM TBL_ANSWER;

INSERT INTO TBL_ANSWER
(
  ANS_NO, ANS_TITLE, ANS_CONTENT
, ADMIN_ID, QUE_NO
)
VALUES
(
  SEQ_TBL_ANSWER.NEXTVAL, '박명수 고객님 결제 문의 답변 드립니다.', '박명수 고객님 지난 2022년 3월에 문의주신 결제 문의 답변 드립니다. 결제 최소 금액은 10,000원 부터입니다. 감사합니다.'
, 'ADMIN01', 1 
);

INSERT INTO TBL_ANSWER
(
  ANS_NO, ANS_TITLE, ANS_CONTENT
, ADMIN_ID, QUE_NO
)
VALUES
(
  SEQ_TBL_ANSWER.NEXTVAL, '하하 고객님 신고 문의 답변 드립니다.', '하하 고객님 지난 2021년 12월에 문의 해주신 신고 문의 답변 드립니다. 해당 계정을 확인한 결과, 부적절한 사안이 발견되어 계정 정지 조치 하였습니다. 감사합니다.'
, 'ADMIN01', 3
);

INSERT INTO TBL_ANSWER
(
  ANS_NO, ANS_TITLE, ANS_CONTENT
, ADMIN_ID, QUE_NO
)
VALUES
(
  SEQ_TBL_ANSWER.NEXTVAL, '지드래곤 고객님 이용 문의 답변 드립니다.', '지드래곤 고객님 지난 2022년 5월에 문의 해주신 이용 문의 답변 드립니다. 계정 탈퇴 이후 환불은 불가합니다. 감사합니다.'
, 'ADMIN02', 2
);



-- 공지사항 INSERT

INSERT INTO TBL_NOTICE
(
  NOTICE_NO, NOTICE_TITLE, NOTICE_CONTENT
, NOTICE_ACTIVE_YN, ADMIN_ID
)
VALUES
(
  SEQ_TBL_QUESTION.NEXTVAL, '결제 공지사항', '충전은 10,000원 단위로 가능합니다.'
, 'Y', 'ADMIN01'
);

INSERT INTO TBL_NOTICE
(
  NOTICE_NO, NOTICE_TITLE, NOTICE_CONTENT
, NOTICE_ACTIVE_YN, ADMIN_ID
)
VALUES
(
  SEQ_TBL_NOTICE.NEXTVAL, '계정 공지사항', '계정 생성 시 중복된 아이디는 사용이 불가합니다.'
, DEFAULT, 'ADMIN02'
);

INSERT INTO TBL_NOTICE
(
  NOTICE_NO, NOTICE_TITLE, NOTICE_CONTENT
, NOTICE_ACTIVE_YN, ADMIN_ID
)
VALUES
(
  SEQ_TBL_NOTICE.NEXTVAL, '계정 공지사항', '계정 탈퇴 시 남은 충전 금액은 환불이 불가합니다.'
, DEFAULT, 'ADMIN03'
);


-- 가입 신청 내역 INSERT

INSERT INTO TBL_APPROVAL
(
  APPROVAL_NO, ENT_NO, ENT_YN
)
VALUES
(
  SEQ_TBL_APPROVAL.NEXTVAL, 1, DEFAULT
);

INSERT INTO TBL_APPROVAL
(
  APPROVAL_NO, ENT_NO, ENT_YN
)
VALUES
(
  SEQ_TBL_APPROVAL.NEXTVAL, 2,DEFAULT
);

INSERT INTO TBL_APPROVAL
(
  APPROVAL_NO, ENT_NO, ENT_YN
)
VALUES
(
  SEQ_TBL_APPROVAL.NEXTVAL, 3,'Y'
);

-- 기업 평점 내역
INSERT
  INTO TBL_USER_SCORE_HISTORY
VALUES
(
  SEQ_TBL_USER_SCORE_HISTORY.NEXTVAL, NULL, 2, 2
);

INSERT
  INTO TBL_USER_SCORE_HISTORY
VALUES
(
  SEQ_TBL_USER_SCORE_HISTORY.NEXTVAL, 3.2, 1, 3
);

INSERT
  INTO TBL_USER_SCORE_HISTORY
VALUES
(
  SEQ_TBL_USER_SCORE_HISTORY.NEXTVAL, 4.5, 3, 1
);

-- 개인 평점 내역
INSERT
  INTO TBL_ENT_GRADE_HISTORY
VALUES
(
  SEQ_TBL_ENT_GRADE_HISTORY.NEXTVAL, 4.1, 1, 3
);

INSERT
  INTO TBL_ENT_GRADE_HISTORY
VALUES
(
  SEQ_TBL_ENT_GRADE_HISTORY.NEXTVAL, 3.6, 3, 2
);

INSERT
  INTO TBL_ENT_GRADE_HISTORY
VALUES
(
  SEQ_TBL_ENT_GRADE_HISTORY.NEXTVAL, 2.9, 2, 1
);

-- 기업 결제 내역
INSERT
  INTO TBL_ENT_PAYMENT_HISTORY
VALUES
(
  SEQ_TBL_ENT_PAYMENT_HISTORY.NEXTVAL, '2022/03/01', '비즈니스', 2
);

INSERT
  INTO TBL_ENT_PAYMENT_HISTORY
VALUES
(
  SEQ_TBL_ENT_PAYMENT_HISTORY.NEXTVAL, SYSDATE, '스탠다드', 3
);

INSERT
  INTO TBL_ENT_PAYMENT_HISTORY
VALUES
(
  SEQ_TBL_ENT_PAYMENT_HISTORY.NEXTVAL, '2022/05/21', '프리미엄', 1
);

-- 개인 결제 내역
INSERT
  INTO TBL_USER_PAYMENT_HISTORY
VALUES
(
  SEQ_TBL_USER_PAYMENT_HISTORY.NEXTVAL, 30000, '2022/03/11', 3
);

INSERT
  INTO TBL_USER_PAYMENT_HISTORY
VALUES
( 
  SEQ_TBL_USER_PAYMENT_HISTORY.NEXTVAL, 10000, '2022/04/11', 2
);

INSERT
  INTO TBL_USER_PAYMENT_HISTORY
VALUES
(
  SEQ_TBL_USER_PAYMENT_HISTORY.NEXTVAL, 20000, SYSDATE, 1
);

COMMIT;